[
  {
    "value": "first year syllabus",
    "synonyms": [
      "first year syllabus",
      "F.E syallabus",
      "syallbus of F.E",
      "F.E Electronics Engineering syllabus",
      "first yer ETC syllabus",
      "first year CS syllabus",
      "f.e cs syllabus",
      "f.e syllabus",
      "f.e it syllabus",
      "f.e extc syllabus",
      "f.e electronics and telecommunication syallabus",
      "f.e computer science syllabus",
      "f.e i",
      "f.e information technology syllabus",
      "first year"
    ]
  },
  {
    "value": "Second year cs syllabus",
    "synonyms": [
      "Second year cs syllabus",
      "s.e cs syllabus",
      "second year computer science syllabus",
      "s.e syllabus",
      "cs s.e syllabus",
      "computer science s.e syllabus"
    ]
  },
  {
    "value": "second year etc syllabus",
    "synonyms": [
      "second year etc syllabus",
      "s.e electronucs engineering syllabus",
      "se etc syllabus",
      "etc s.e syllabus",
      "electronics s.e syllabus"
    ]
  },
  {
    "value": "second year extc syllabus",
    "synonyms": [
      "second year extc syllabus",
      "s.e extc syllabus",
      "s.e electronics and telecommunication  syllabus",
      "extc syllabus",
      "extc s.e syllabus"
    ]
  },
  {
    "value": "second year it syllabus",
    "synonyms": [
      "second year it syllabus",
      "i.t s.e syllabus",
      "it s.e syllabus",
      "Information tecnology s.e syllabus",
      "s.e information syllabus"
    ]
  },
  {
    "value": "Third year cs syllabus",
    "synonyms": [
      "Third year cs syllabus",
      "s.e cs syllabus",
      "second yera syllabus",
      "second year computer sciense syllabus",
      "s.e syllabus",
      "cs s.e syllabus",
      "compueter science s.e syllabus"
    ]
  },
  {
    "value": "Third year etc syllabus",
    "synonyms": [
      "third year etc syllabus",
      "t.e etc syllabus"
    ]
  },
  {
    "value": "Third year extc syllabus",
    "synonyms": [
      "Third year extc syllabus",
      "extc t.e syllabus",
      "t.e extc syllabus"
    ]
  },
  {
    "value": "third year it syllabus",
    "synonyms": [
      "third year it syllabus",
      "it t.e syllabus",
      "t.e it syllabus"
    ]
  },
  {
    "value": "Fourth year cs syllabus",
    "synonyms": [
      "Fourth year cs syllabus",
      "b.e cssyllabus",
      "cs be syllabus",
      "computer science be syllabus",
      "syllabus of be cs"
    ]
  },
  {
    "value": "fourth year etc syllabus",
    "synonyms": [
      "fourth year etc syllabus",
      "etc be syllabus",
      "be etc syllabus"
    ]
  },
  {
    "value": "fourth year extc syllabus",
    "synonyms": [
      "fourth year extc syllabus",
      "extc be syllabus",
      "be extc syllabus"
    ]
  },
  {
    "value": "fourth year it syllabus",
    "synonyms": [
      "fourth year it syllabus",
      "it be syllabus",
      "be it syllabus",
      "informay\u003dtion technology be syllabus"
    ]
  }
]