[
  {
    "id": "a86d9b1d-a6c3-44bf-8ed1-d9be3f4d8fa3",
    "data": [
      {
        "text": "latest Competitions",
        "userDefined": false
      }
    ],
    "isTemplate": false,
    "count": 0,
    "lang": "en",
    "updated": 0
  },
  {
    "id": "1a942fe0-67c8-4acb-b3b6-406b2ee10b9c",
    "data": [
      {
        "text": "latest Competitions foe etectronics engineering",
        "userDefined": false
      }
    ],
    "isTemplate": false,
    "count": 0,
    "lang": "en",
    "updated": 0
  }
]