[
  {
    "id": "43c27efc-f0be-45c3-82f3-78a3ba518e58",
    "data": [
      {
        "text": "competitons ",
        "userDefined": false
      },
      {
        "text": "incse",
        "meta": "@sys.geo-city",
        "alias": "geo-city",
        "userDefined": false
      }
    ],
    "isTemplate": false,
    "count": 0,
    "lang": "en",
    "updated": 0
  },
  {
    "id": "117acb47-26d2-4282-84a8-2ba43c3424c7",
    "data": [
      {
        "text": "latest Competitions",
        "userDefined": false
      }
    ],
    "isTemplate": false,
    "count": 0,
    "lang": "en",
    "updated": 0
  },
  {
    "id": "3c919739-a011-4515-8394-c069031dce0e",
    "data": [
      {
        "text": "cse latest Competitions",
        "userDefined": false
      }
    ],
    "isTemplate": false,
    "count": 0,
    "lang": "en",
    "updated": 0
  }
]