[
  {
    "id": "e1c5b049-c241-4a64-9898-87e6407c77dd",
    "data": [
      {
        "text": "how many ",
        "userDefined": false
      },
      {
        "text": "programs",
        "meta": "@courses",
        "alias": "courses",
        "userDefined": false
      },
      {
        "text": " are ",
        "userDefined": false
      },
      {
        "text": "offered",
        "meta": "@courses",
        "alias": "courses",
        "userDefined": false
      },
      {
        "text": " by the sakec?",
        "userDefined": false
      }
    ],
    "isTemplate": false,
    "count": 0,
    "lang": "en",
    "updated": 0
  },
  {
    "id": "898b4eab-ce93-43a4-ab7c-fc7953b0ced9",
    "data": [
      {
        "text": "branches",
        "meta": "@courses",
        "alias": "courses",
        "userDefined": false
      },
      {
        "text": " in sakec",
        "userDefined": false
      }
    ],
    "isTemplate": false,
    "count": 0,
    "lang": "en",
    "updated": 0
  },
  {
    "id": "82ea8d7d-4cf9-4157-8e13-7d33851434ea",
    "data": [
      {
        "text": "programs",
        "meta": "@courses",
        "alias": "courses",
        "userDefined": false
      },
      {
        "text": " in sakec",
        "userDefined": false
      }
    ],
    "isTemplate": false,
    "count": 0,
    "lang": "en",
    "updated": 0
  },
  {
    "id": "b366acec-d8de-4e94-8735-7e05c52e73ce",
    "data": [
      {
        "text": "courses offered",
        "meta": "@courses",
        "alias": "courses",
        "userDefined": false
      },
      {
        "text": " by sakec",
        "userDefined": false
      }
    ],
    "isTemplate": false,
    "count": 0,
    "lang": "en",
    "updated": 0
  }
]