[
  {
    "id": "ffc71b13-b97e-4f00-aa9a-eb21383763b0",
    "data": [
      {
        "text": "latest events for etc",
        "userDefined": false
      }
    ],
    "isTemplate": false,
    "count": 0,
    "lang": "en",
    "updated": 0
  },
  {
    "id": "e52d282c-dbc5-4c8c-b22d-8dd9bce1542f",
    "data": [
      {
        "text": "event",
        "userDefined": false
      }
    ],
    "isTemplate": false,
    "count": 0,
    "lang": "en",
    "updated": 0
  },
  {
    "id": "ea5c6755-6718-473e-a09e-59a6c96fb834",
    "data": [
      {
        "text": "etectronics engineering events",
        "userDefined": false
      }
    ],
    "isTemplate": false,
    "count": 0,
    "lang": "en",
    "updated": 0
  },
  {
    "id": "de8a3b36-18d7-42fd-b65b-475bde5fe17a",
    "data": [
      {
        "text": "events for etc",
        "userDefined": false
      }
    ],
    "isTemplate": false,
    "count": 0,
    "lang": "en",
    "updated": 0
  }
]