[
  {
    "id": "ef6480e7-aea9-4258-93dd-309ef1e9d684",
    "data": [
      {
        "text": "fe paper",
        "meta": "@universitypaper",
        "alias": "universitypaper",
        "userDefined": false
      }
    ],
    "isTemplate": false,
    "count": 0,
    "lang": "en",
    "updated": 0
  },
  {
    "id": "d3b0c2af-2d96-4aeb-8a80-88e178f7bab9",
    "data": [
      {
        "text": "fe",
        "meta": "@universitypaper",
        "alias": "universitypaper",
        "userDefined": false
      },
      {
        "text": " all subject pare",
        "userDefined": false
      }
    ],
    "isTemplate": false,
    "count": 0,
    "lang": "en",
    "updated": 0
  },
  {
    "id": "781194a0-4120-484b-bb86-98993570e678",
    "data": [
      {
        "text": "first year paper",
        "meta": "@universitypaper",
        "alias": "universitypaper",
        "userDefined": false
      }
    ],
    "isTemplate": false,
    "count": 0,
    "lang": "en",
    "updated": 0
  }
]