[
  {
    "id": "4171788e-adcf-45bf-9dfb-fcd6337a270e",
    "data": [
      {
        "text": "time table of ia ",
        "userDefined": false
      },
      {
        "text": "2",
        "meta": "@sys.number",
        "alias": "number",
        "userDefined": false
      }
    ],
    "isTemplate": false,
    "count": 0,
    "lang": "en",
    "updated": 0
  },
  {
    "id": "3e95cdb1-84d1-49ac-8079-96f715e4688b",
    "data": [
      {
        "text": "mat 2021 ia 2 exam tiume table",
        "userDefined": false
      }
    ],
    "isTemplate": false,
    "count": 0,
    "lang": "en",
    "updated": 0
  },
  {
    "id": "b2bf3f99-6f0b-4d71-9c03-d91d177bdaf4",
    "data": [
      {
        "text": "ia 2 timetable",
        "userDefined": false
      }
    ],
    "isTemplate": false,
    "count": 0,
    "lang": "en",
    "updated": 0
  },
  {
    "id": "d7bcbe12-9682-40b0-9e98-3bee67fc2976",
    "data": [
      {
        "text": "IA",
        "userDefined": false
      },
      {
        "text": "-2",
        "meta": "@sys.number",
        "alias": "number",
        "userDefined": false
      },
      {
        "text": " Examination Timetable ",
        "userDefined": false
      },
      {
        "text": "May2021",
        "meta": "@sys.date-period",
        "alias": "date-period",
        "userDefined": false
      },
      {
        "text": " for S.E,T",
        "userDefined": false
      },
      {
        "text": ".E, B.E.",
        "meta": "@Syllabus",
        "alias": "syllabus",
        "userDefined": false
      }
    ],
    "isTemplate": false,
    "count": 0,
    "lang": "en",
    "updated": 0
  }
]