[
  {
    "id": "1e9547c1-34d1-410d-8a51-0c55028c598b",
    "data": [
      {
        "text": "time table for se dse",
        "userDefined": false
      }
    ],
    "isTemplate": false,
    "count": 0,
    "lang": "en",
    "updated": 0
  },
  {
    "id": "80d31a35-ec5a-40ed-b3ce-c979740284f4",
    "data": [
      {
        "text": "ia ",
        "userDefined": false
      },
      {
        "text": "1",
        "meta": "@sys.number",
        "alias": "number",
        "userDefined": false
      },
      {
        "text": " exam time table",
        "userDefined": false
      }
    ],
    "isTemplate": false,
    "count": 0,
    "lang": "en",
    "updated": 0
  },
  {
    "id": "08ce7340-cec4-4ddd-bde9-a3345dae13be",
    "data": [
      {
        "text": "Internal Assessment",
        "userDefined": false
      },
      {
        "text": "-1",
        "meta": "@sys.number",
        "alias": "number",
        "userDefined": false
      },
      {
        "text": " Examination Timetable for Regular Semesters and SE-DSE-Sem-III ,March ",
        "userDefined": false
      },
      {
        "text": "2021",
        "meta": "@sys.number",
        "alias": "number1",
        "userDefined": false
      },
      {
        "text": "(A.Y ",
        "userDefined": false
      },
      {
        "text": "2020",
        "meta": "@sys.number",
        "alias": "number2",
        "userDefined": false
      },
      {
        "text": "-21",
        "meta": "@sys.number",
        "alias": "number2",
        "userDefined": false
      },
      {
        "text": ",Even Sem)",
        "userDefined": false
      }
    ],
    "isTemplate": false,
    "count": 0,
    "lang": "en",
    "updated": 0
  }
]