[
  {
    "id": "f539ee75-669c-4f6c-88d3-7cda94d66a40",
    "data": [
      {
        "text": "sakec ",
        "userDefined": false
      },
      {
        "text": "students",
        "meta": "@intake",
        "alias": "intake",
        "userDefined": false
      },
      {
        "text": " News Letter",
        "userDefined": false
      }
    ],
    "isTemplate": false,
    "count": 0,
    "lang": "en",
    "updated": 0
  },
  {
    "id": "a4f12639-72f2-4d1d-8434-3c7932f0f80c",
    "data": [
      {
        "text": "News Letter of ",
        "userDefined": false
      },
      {
        "text": "sakec",
        "meta": "@sys.person",
        "alias": "person",
        "userDefined": false
      }
    ],
    "isTemplate": false,
    "count": 0,
    "lang": "en",
    "updated": 0
  },
  {
    "id": "4a590e0d-9181-4fc7-a527-8f894b1ecdc4",
    "data": [
      {
        "text": "News Letter",
        "userDefined": false
      }
    ],
    "isTemplate": false,
    "count": 0,
    "lang": "en",
    "updated": 0
  }
]