[
  {
    "id": "d8cbd76d-d72d-47e0-a2b8-bc92749a6d52",
    "data": [
      {
        "text": "latest announcement",
        "userDefined": false
      }
    ],
    "isTemplate": false,
    "count": 0,
    "lang": "en",
    "updated": 0
  },
  {
    "id": "e8885c24-47dd-4e62-87f4-0e6e064850d0",
    "data": [
      {
        "text": "latest announcement for ",
        "userDefined": false
      },
      {
        "text": "cs students",
        "meta": "@intake",
        "alias": "intake",
        "userDefined": false
      }
    ],
    "isTemplate": false,
    "count": 0,
    "lang": "en",
    "updated": 0
  },
  {
    "id": "e74e0364-91b3-463a-8719-747239b56c11",
    "data": [
      {
        "text": "latest notice for cse",
        "userDefined": false
      }
    ],
    "isTemplate": false,
    "count": 0,
    "lang": "en",
    "updated": 0
  },
  {
    "id": "8e1ce1fd-812b-463f-8d41-0e503b128b9d",
    "data": [
      {
        "text": "latest Notice",
        "userDefined": false
      }
    ],
    "isTemplate": false,
    "count": 0,
    "lang": "en",
    "updated": 0
  }
]