[
  {
    "id": "92791d79-2635-44b2-a66e-fd8aefd43873",
    "data": [
      {
        "text": "it notice",
        "userDefined": false
      }
    ],
    "isTemplate": false,
    "count": 0,
    "lang": "en",
    "updated": 0
  },
  {
    "id": "68232d61-1627-4dfb-a0ff-5f4cbab1f5e8",
    "data": [
      {
        "text": "lates Notice  for it",
        "userDefined": false
      }
    ],
    "isTemplate": false,
    "count": 0,
    "lang": "en",
    "updated": 0
  },
  {
    "id": "47cde56e-e35d-45e8-b4ae-2bbc94ddc24c",
    "data": [
      {
        "text": "it latest Notice",
        "userDefined": false
      }
    ],
    "isTemplate": false,
    "count": 0,
    "lang": "en",
    "updated": 0
  }
]