[
  {
    "id": "3ea924de-9d3a-4420-b06a-cc656854594e",
    "data": [
      {
        "text": "time tableof se dse practical",
        "userDefined": false
      }
    ],
    "isTemplate": false,
    "count": 0,
    "lang": "en",
    "updated": 0
  },
  {
    "id": "2e44be06-fcca-47c0-9601-504e55f001cf",
    "data": [
      {
        "text": "sem ",
        "userDefined": false
      },
      {
        "text": "3",
        "meta": "@sys.number",
        "alias": "number",
        "userDefined": false
      },
      {
        "text": " DSE Practical timetable",
        "userDefined": false
      }
    ],
    "isTemplate": false,
    "count": 0,
    "lang": "en",
    "updated": 0
  }
]