[
  {
    "id": "6dfe42ce-1790-4f40-b7cb-267782b1d2f5",
    "data": [
      {
        "text": "it sc paper",
        "userDefined": false
      }
    ],
    "isTemplate": false,
    "count": 0,
    "lang": "en",
    "updated": 0
  },
  {
    "id": "648d9666-d7b8-40a1-838e-324e9f54c809",
    "data": [
      {
        "text": "se it paper",
        "meta": "@universitypaper",
        "alias": "universitypaper",
        "userDefined": false
      }
    ],
    "isTemplate": false,
    "count": 0,
    "lang": "en",
    "updated": 0
  }
]