[
  {
    "id": "0e2416cf-b50c-491c-bfa0-fb3c17c85494",
    "data": [
      {
        "text": "download the etc paper",
        "userDefined": false
      }
    ],
    "isTemplate": false,
    "count": 0,
    "lang": "en",
    "updated": 0
  },
  {
    "id": "a04f70d0-93f5-4ee2-9bc2-0f69b917bf9a",
    "data": [
      {
        "text": "se etc paper",
        "userDefined": false
      }
    ],
    "isTemplate": false,
    "count": 0,
    "lang": "en",
    "updated": 0
  },
  {
    "id": "5e065cab-ec39-4195-95eb-2d831776e60e",
    "data": [
      {
        "text": "etc se paper",
        "meta": "@universitypaper",
        "alias": "universitypaper",
        "userDefined": false
      }
    ],
    "isTemplate": false,
    "count": 0,
    "lang": "en",
    "updated": 0
  }
]