[
  {
    "id": "350a897c-9e11-4788-b28a-b09c6b112113",
    "data": [
      {
        "text": "Ok here",
        "userDefined": false
      }
    ],
    "isTemplate": false,
    "count": 0,
    "lang": "en",
    "updated": 0
  },
  {
    "id": "beee2729-aab3-4471-9608-1b4868035073",
    "data": [
      {
        "text": "now I\u0027m here",
        "userDefined": false
      }
    ],
    "isTemplate": false,
    "count": 0,
    "lang": "en",
    "updated": 0
  },
  {
    "id": "d9479d4b-b0b4-426a-b585-0082480acabd",
    "data": [
      {
        "text": "I\u0027m here now",
        "userDefined": false
      }
    ],
    "isTemplate": false,
    "count": 0,
    "lang": "en",
    "updated": 0
  },
  {
    "id": "461e3d63-ea8f-4346-bcd7-350a70c5a05a",
    "data": [
      {
        "text": "I\u0027m right here",
        "userDefined": false
      }
    ],
    "isTemplate": false,
    "count": 0,
    "lang": "en",
    "updated": 0
  },
  {
    "id": "d0309c8c-9fd8-4046-b73e-f2111a258632",
    "data": [
      {
        "text": "I\u0027m already here",
        "userDefined": false
      }
    ],
    "isTemplate": false,
    "count": 0,
    "lang": "en",
    "updated": 0
  },
  {
    "id": "4af66de2-20a1-4677-845a-f222e09bd3fa",
    "data": [
      {
        "text": "here I am",
        "userDefined": false
      }
    ],
    "isTemplate": false,
    "count": 0,
    "lang": "en",
    "updated": 0
  },
  {
    "id": "f7c21dae-c15a-4c65-bae3-d32f6faa2ee6",
    "data": [
      {
        "text": "I am here",
        "userDefined": false
      }
    ],
    "isTemplate": false,
    "count": 0,
    "lang": "en",
    "updated": 0
  },
  {
    "id": "1f91c82e-3f82-494f-9d99-f47ad344d7ab",
    "data": [
      {
        "text": "just got back",
        "userDefined": false
      }
    ],
    "isTemplate": false,
    "count": 0,
    "lang": "en",
    "updated": 0
  },
  {
    "id": "f13a24ae-39e9-4923-939a-31d0d555fe3f",
    "data": [
      {
        "text": "here I am again",
        "userDefined": false
      }
    ],
    "isTemplate": false,
    "count": 0,
    "lang": "en",
    "updated": 0
  },
  {
    "id": "0b0abc02-e9b7-4a95-848e-72361bfc263b",
    "data": [
      {
        "text": "I\u0027ve returned",
        "userDefined": false
      }
    ],
    "isTemplate": false,
    "count": 0,
    "lang": "en",
    "updated": 0
  },
  {
    "id": "9299364c-6f98-49b9-9574-45d56c8b8b68",
    "data": [
      {
        "text": "I am back",
        "userDefined": false
      }
    ],
    "isTemplate": false,
    "count": 0,
    "lang": "en",
    "updated": 0
  },
  {
    "id": "4f040b37-61f8-43df-9985-2e4f291d6b1e",
    "data": [
      {
        "text": "I\u0027m back",
        "userDefined": false
      }
    ],
    "isTemplate": false,
    "count": 0,
    "lang": "en",
    "updated": 0
  },
  {
    "id": "ab917830-8966-422e-857a-564668b4f9f9",
    "data": [
      {
        "text": "I\u0027m here again",
        "userDefined": false
      }
    ],
    "isTemplate": false,
    "count": 0,
    "lang": "en",
    "updated": 0
  },
  {
    "id": "5c5c7114-3666-432f-8a4e-fa3171ebabcd",
    "data": [
      {
        "text": "Talk to ",
        "userDefined": false
      },
      {
        "text": "you",
        "meta": "@sys.ignore",
        "userDefined": true
      }
    ],
    "isTemplate": false,
    "count": 0,
    "lang": "en",
    "updated": 0
  },
  {
    "id": "7b2e400b-a381-4f55-987d-3807b6caafe3",
    "data": [
      {
        "text": "why ",
        "userDefined": false
      },
      {
        "text": "don\u0027t",
        "meta": "@sys.ignore",
        "userDefined": false
      },
      {
        "text": " you talk to me",
        "userDefined": false
      }
    ],
    "isTemplate": false,
    "count": 1,
    "lang": "en",
    "updated": 0
  },
  {
    "id": "88f4b41d-1c7e-433a-b8cc-5e9eae180ff1",
    "data": [
      {
        "text": "you can talk to me",
        "userDefined": false
      }
    ],
    "isTemplate": false,
    "count": 0,
    "lang": "en",
    "updated": 0
  },
  {
    "id": "0207e25d-2ee4-4cc0-91fe-8ee6c52805a4",
    "data": [
      {
        "text": "are",
        "meta": "@sys.ignore",
        "userDefined": false
      },
      {
        "text": " you going to talk to me",
        "userDefined": false
      }
    ],
    "isTemplate": false,
    "count": 0,
    "lang": "en",
    "updated": 0
  },
  {
    "id": "20ff2b58-ba9a-4de4-9e3e-560408e5750c",
    "data": [
      {
        "text": "can you chat with me",
        "userDefined": false
      }
    ],
    "isTemplate": false,
    "count": 0,
    "lang": "en",
    "updated": 0
  },
  {
    "id": "16480bf3-5cd0-42d4-a58b-d19f7af8629f",
    "data": [
      {
        "text": "say",
        "meta": "@sys.ignore",
        "userDefined": false
      }
    ],
    "isTemplate": false,
    "count": 0,
    "lang": "en",
    "updated": 0
  },
  {
    "id": "5cb9007a-ac14-421b-b009-dab35174ba44",
    "data": [
      {
        "text": "speak with me",
        "userDefined": false
      }
    ],
    "isTemplate": false,
    "count": 0,
    "lang": "en",
    "updated": 0
  },
  {
    "id": "538931d9-fec5-4445-a498-280b830c5252",
    "data": [
      {
        "text": "just chat with me",
        "userDefined": false
      }
    ],
    "isTemplate": false,
    "count": 0,
    "lang": "en",
    "updated": 0
  },
  {
    "id": "8efd5c90-7b84-4d4c-8b3f-026dcb4313e6",
    "data": [
      {
        "text": "talk with me",
        "userDefined": false
      }
    ],
    "isTemplate": false,
    "count": 1,
    "lang": "en",
    "updated": 0
  },
  {
    "id": "92b27278-1347-42a1-871f-053a6f90ced7",
    "data": [
      {
        "text": "chat with me",
        "userDefined": false
      }
    ],
    "isTemplate": false,
    "count": 1,
    "lang": "en",
    "updated": 0
  },
  {
    "id": "2934a19c-ea0f-4ac6-a096-5710bda5c8b7",
    "data": [
      {
        "text": "why aren\u0027t you talking to me",
        "userDefined": false
      }
    ],
    "isTemplate": false,
    "count": 0,
    "lang": "en",
    "updated": 0
  },
  {
    "id": "8cfb2052-03bf-4f20-8e57-778d8a113b98",
    "data": [
      {
        "text": "will",
        "meta": "@sys.ignore",
        "userDefined": false
      },
      {
        "text": " you talk to me",
        "userDefined": false
      }
    ],
    "isTemplate": false,
    "count": 0,
    "lang": "en",
    "updated": 0
  },
  {
    "id": "f20245b4-1d5b-49b1-9f1c-af1845d417f0",
    "data": [
      {
        "text": "talk to me",
        "userDefined": false
      }
    ],
    "isTemplate": false,
    "count": 1,
    "lang": "en",
    "updated": 0
  },
  {
    "id": "5c1b37a0-16fd-47c8-87e7-ab9b1008a028",
    "data": [
      {
        "text": "are",
        "meta": "@sys.ignore",
        "userDefined": false
      },
      {
        "text": " you talking to me",
        "userDefined": false
      }
    ],
    "isTemplate": false,
    "count": 0,
    "lang": "en",
    "updated": 0
  },
  {
    "id": "1631a62e-565f-47d2-bb02-21f2869b614b",
    "data": [
      {
        "text": "can you speak with me",
        "userDefined": false
      }
    ],
    "isTemplate": false,
    "count": 0,
    "lang": "en",
    "updated": 0
  },
  {
    "id": "2b56376f-0942-43d1-bf66-37ac7b0b736b",
    "data": [
      {
        "text": "speak to me",
        "userDefined": false
      }
    ],
    "isTemplate": false,
    "count": 0,
    "lang": "en",
    "updated": 0
  },
  {
    "id": "61ab5a06-29a2-4587-83cf-79d77eb63d27",
    "data": [
      {
        "text": "do you want to chat with me",
        "userDefined": false
      }
    ],
    "isTemplate": false,
    "count": 0,
    "lang": "en",
    "updated": 0
  },
  {
    "id": "7eb38df8-64e1-4db0-8b98-75aa49a891a0",
    "data": [
      {
        "text": "*You*: `Talk to Janis`",
        "userDefined": false
      }
    ],
    "isTemplate": false,
    "count": 0,
    "lang": "en",
    "updated": 0
  },
  {
    "id": "eaf2d791-5125-441c-b6ce-936c35317c64",
    "data": [
      {
        "text": "talk",
        "meta": "@sys.ignore",
        "userDefined": false
      }
    ],
    "isTemplate": false,
    "count": 1,
    "lang": "en",
    "updated": 0
  },
  {
    "id": "81df3ad3-1706-4f96-b44a-8c61d535a186",
    "data": [
      {
        "text": "can you talk with me",
        "userDefined": false
      }
    ],
    "isTemplate": false,
    "count": 0,
    "lang": "en",
    "updated": 0
  },
  {
    "id": "e81c3c9d-5002-416b-9fa8-cf30e0f682a1",
    "data": [
      {
        "text": "can you talk to me",
        "userDefined": false
      }
    ],
    "isTemplate": false,
    "count": 0,
    "lang": "en",
    "updated": 0
  }
]