[
  {
    "id": "80f9b7f2-3c27-40c1-a950-410be4f5e2ab",
    "data": [
      {
        "text": "etc teach",
        "userDefined": false
      },
      {
        "text": "9",
        "meta": "@sys.number",
        "alias": "number",
        "userDefined": false
      },
      {
        "text": "ing staff",
        "userDefined": false
      }
    ],
    "isTemplate": false,
    "count": 0,
    "lang": "en",
    "updated": 0
  },
  {
    "id": "72226e95-a5da-40ac-baff-c4ba2f723da4",
    "data": [
      {
        "text": "Teaching Staff\n  of etc",
        "userDefined": false
      }
    ],
    "isTemplate": false,
    "count": 0,
    "lang": "en",
    "updated": 0
  }
]