[
  {
    "id": "f63d7ffc-9f48-493e-a4f3-d808342fa3d8",
    "data": [
      {
        "text": "previous year paper of",
        "meta": "@universitypaper",
        "alias": "universitypaper",
        "userDefined": false
      },
      {
        "text": " extc",
        "userDefined": false
      }
    ],
    "isTemplate": false,
    "count": 0,
    "lang": "en",
    "updated": 0
  },
  {
    "id": "eb46a352-3028-4156-86b6-325ff96bbc50",
    "data": [
      {
        "text": "te extc paer",
        "meta": "@universitypaper",
        "alias": "universitypaper",
        "userDefined": false
      }
    ],
    "isTemplate": false,
    "count": 0,
    "lang": "en",
    "updated": 0
  }
]