[
  {
    "id": "5eea0c11-16fe-4e59-9eae-ad01405dc7fb",
    "data": [
      {
        "text": "etc time tbale",
        "userDefined": false
      }
    ],
    "isTemplate": false,
    "count": 0,
    "lang": "en",
    "updated": 0
  },
  {
    "id": "8e96cc98-1b49-49a0-bd19-206cdc47d84d",
    "data": [
      {
        "text": "electronics engineering time table",
        "userDefined": false
      }
    ],
    "isTemplate": false,
    "count": 0,
    "lang": "en",
    "updated": 0
  },
  {
    "id": "79dbe0ca-e5a3-4345-9432-326838e1f285",
    "data": [
      {
        "text": "time table ",
        "userDefined": false
      },
      {
        "text": "of electronics engineering",
        "meta": "@Syllabus",
        "alias": "syllabus",
        "userDefined": false
      }
    ],
    "isTemplate": false,
    "count": 0,
    "lang": "en",
    "updated": 0
  },
  {
    "id": "e93de8cc-2bb3-41a4-b8a1-85f98f00eac5",
    "data": [
      {
        "text": "etc time table",
        "userDefined": false
      }
    ],
    "isTemplate": false,
    "count": 0,
    "lang": "en",
    "updated": 0
  },
  {
    "id": "be4f4bbe-45cc-4c76-86b0-a37d55362358",
    "data": [
      {
        "text": "Time Table\n   etc\n \n For Academic Year ",
        "userDefined": false
      },
      {
        "text": "2020",
        "meta": "@sys.number",
        "alias": "number",
        "userDefined": false
      },
      {
        "text": "-21",
        "meta": "@sys.number",
        "alias": "number",
        "userDefined": false
      },
      {
        "text": ": Even Semester",
        "userDefined": false
      }
    ],
    "isTemplate": false,
    "count": 0,
    "lang": "en",
    "updated": 0
  }
]