[
  {
    "id": "3bef5541-5982-4b3a-9627-e69ead81c8d9",
    "data": [
      {
        "text": "To become a globally recognized institution ",
        "userDefined": false
      },
      {
        "text": "offering",
        "meta": "@courses",
        "alias": "courses",
        "userDefined": false
      },
      {
        "text": " what?",
        "userDefined": false
      }
    ],
    "isTemplate": false,
    "count": 0,
    "lang": "en",
    "updated": 0
  },
  {
    "id": "d6ae1d8e-084a-41bf-83cd-86720d17402a",
    "data": [
      {
        "text": "vision",
        "userDefined": false
      }
    ],
    "isTemplate": false,
    "count": 0,
    "lang": "en",
    "updated": 0
  },
  {
    "id": "53e9e906-d79f-4f3e-b0a0-43bd0d202ab5",
    "data": [
      {
        "text": "vision of ",
        "userDefined": false
      },
      {
        "text": "sakec",
        "meta": "@sys.person",
        "alias": "person",
        "userDefined": false
      }
    ],
    "isTemplate": false,
    "count": 0,
    "lang": "en",
    "updated": 0
  },
  {
    "id": "50354ca5-eec9-413c-9b97-104722941a4a",
    "data": [
      {
        "text": "visison of sakec",
        "userDefined": false
      }
    ],
    "isTemplate": false,
    "count": 0,
    "lang": "en",
    "updated": 0
  },
  {
    "id": "d45bd62b-6ddc-4427-9c38-54143c0bd097",
    "data": [
      {
        "text": "what is the visison of sakec",
        "userDefined": false
      }
    ],
    "isTemplate": false,
    "count": 0,
    "lang": "en",
    "updated": 0
  }
]