[
  {
    "value": "first year cs paper",
    "synonyms": [
      "first year cs paper",
      "f.e paper",
      "f.e previous year paper",
      "previous year paper of f.e",
      "fe paper"
    ]
  },
  {
    "value": "second year cs paper",
    "synonyms": [
      "second year cs paper",
      "se cs paper",
      "previous year se cs paper",
      "cs paper"
    ]
  },
  {
    "value": "seconf year etc paper",
    "synonyms": [
      "seconf year etc paper",
      "second year etc paper",
      "etc se paper",
      "pervious year etc paper"
    ]
  },
  {
    "value": "second year extc paper",
    "synonyms": [
      "second year extc paper",
      "extc se paper",
      "previous year extc paper\u0027",
      "se extc paper"
    ]
  },
  {
    "value": "second year it paper",
    "synonyms": [
      "second year it paper",
      "se it paper previous year it paper se it paper",
      "it paper se"
    ]
  },
  {
    "value": "third year cs paper",
    "synonyms": [
      "thirsd year",
      "te cs paper",
      "previous year te cs paper",
      "cs te papers"
    ]
  },
  {
    "value": "third year etc paper",
    "synonyms": [
      "third year etc paper",
      "te etc paper",
      "etc te paper",
      "previousyear etc paper"
    ]
  },
  {
    "value": "thid year extc paper\u0027",
    "synonyms": [
      "thid year extc paper\u0027",
      "extc te paper",
      "te extc paper",
      "previous tyyeat te paper"
    ]
  },
  {
    "value": "third year it pAPER",
    "synonyms": [
      "third year it pAPER",
      "te it paper",
      "te it paper previous year paper of it"
    ]
  },
  {
    "value": "fourth year cs paper",
    "synonyms": [
      "fourth year cs paper",
      "be. cs paper",
      "cs be paper",
      "previous year paper of cs"
    ]
  },
  {
    "value": "fourth year etc paper",
    "synonyms": [
      "fourth year etc paper",
      "be etc paper",
      "previous year be paper"
    ]
  },
  {
    "value": "fouth year extc paper",
    "synonyms": [
      "fouth year extc paper",
      "be extc paper",
      "extc be paper",
      "previous year paper ofbe"
    ]
  },
  {
    "value": "fourth year it paper",
    "synonyms": [
      "fourth year it paper",
      "be it paper",
      "it be paper",
      "previous year paper of it"
    ]
  }
]