[
  {
    "id": "9c5198d0-60b1-46af-ab83-f3158909f685",
    "data": [
      {
        "text": "sakec",
        "userDefined": false
      }
    ],
    "isTemplate": false,
    "count": 0,
    "lang": "en",
    "updated": 0
  },
  {
    "id": "1a2d2573-0c22-4c80-b69b-2726c458b3a8",
    "data": [
      {
        "text": "sakec college",
        "userDefined": false
      }
    ],
    "isTemplate": false,
    "count": 0,
    "lang": "en",
    "updated": 0
  },
  {
    "id": "2e00a7ae-7664-4431-97f5-c7fc8545bdfa",
    "data": [
      {
        "text": "about sakec college",
        "userDefined": false
      }
    ],
    "isTemplate": false,
    "count": 0,
    "lang": "en",
    "updated": 0
  },
  {
    "id": "e2d3befd-9673-4e8a-b545-291485781938",
    "data": [
      {
        "text": "tell me about sakec college.",
        "userDefined": false
      }
    ],
    "isTemplate": false,
    "count": 0,
    "lang": "en",
    "updated": 0
  }
]