[
  {
    "id": "f6c097e2-bec4-47b3-8bc8-096313712230",
    "data": [
      {
        "text": "be extc syllabus",
        "meta": "@Syllabus",
        "alias": "syllabus",
        "userDefined": false
      }
    ],
    "isTemplate": false,
    "count": 0,
    "lang": "en",
    "updated": 0
  },
  {
    "id": "8b0a4633-1343-4883-b044-6491660e0447",
    "data": [
      {
        "text": "what is the ",
        "userDefined": false
      },
      {
        "text": "syllabus of be",
        "meta": "@Syllabus",
        "alias": "syllabus",
        "userDefined": false
      },
      {
        "text": " extc?",
        "userDefined": false
      }
    ],
    "isTemplate": false,
    "count": 0,
    "lang": "en",
    "updated": 0
  },
  {
    "id": "abf6e6e2-fde3-4b2f-a50d-dbf8530cb6bb",
    "data": [
      {
        "text": "It also offers Post Graduate Courses in ",
        "userDefined": false
      },
      {
        "text": "Computer Engineering, Information Technology \u0026 Electronics Engineering.",
        "meta": "@Syllabus",
        "alias": "syllabus",
        "userDefined": false
      }
    ],
    "isTemplate": false,
    "count": 0,
    "lang": "en",
    "updated": 0
  }
]