[
  {
    "id": "d9182fa7-968c-43ab-9616-1a4aeb6725d3",
    "data": [
      {
        "text": "be it syllabus",
        "meta": "@Syllabus",
        "alias": "syllabus",
        "userDefined": false
      }
    ],
    "isTemplate": false,
    "count": 0,
    "lang": "en",
    "updated": 0
  },
  {
    "id": "cb3b1e8c-3d27-4504-ba54-555b27d6c1ac",
    "data": [
      {
        "text": "what is the ",
        "userDefined": false
      },
      {
        "text": "syllabus of be",
        "meta": "@Syllabus",
        "alias": "syllabus",
        "userDefined": false
      },
      {
        "text": " it?",
        "userDefined": false
      }
    ],
    "isTemplate": false,
    "count": 0,
    "lang": "en",
    "updated": 0
  },
  {
    "id": "ecc05876-4159-4590-8579-f07bbb58b10c",
    "data": [
      {
        "text": "Shah and Anchor Kutchhi Engineering College was established in ",
        "userDefined": false
      },
      {
        "text": "1985",
        "meta": "@sys.date-period",
        "alias": "date-period",
        "userDefined": false
      },
      {
        "text": " for the purpose of imparting quality technical education.",
        "userDefined": false
      }
    ],
    "isTemplate": false,
    "count": 0,
    "lang": "en",
    "updated": 0
  },
  {
    "id": "e824d80e-423f-428a-97ca-0544c183bf00",
    "data": [
      {
        "text": "The college is managed by Mahavir Education Trust. The college is approved by AICTE, ",
        "userDefined": false
      },
      {
        "text": "New Delhi",
        "meta": "@sys.geo-city",
        "alias": "geo-city",
        "userDefined": false
      },
      {
        "text": " and Government of ",
        "userDefined": false
      },
      {
        "text": "Maharashtra",
        "meta": "@sys.geo-state",
        "alias": "geo-state",
        "userDefined": false
      },
      {
        "text": ".",
        "userDefined": false
      }
    ],
    "isTemplate": false,
    "count": 0,
    "lang": "en",
    "updated": 0
  }
]