[
  {
    "id": "3d553e83-b7b7-453f-a3e9-2dcbc2517f37",
    "data": [
      {
        "text": "be elective subject",
        "userDefined": false
      }
    ],
    "isTemplate": false,
    "count": 0,
    "lang": "en",
    "updated": 0
  },
  {
    "id": "e945c0da-7a31-4c39-a1bb-c6f7114dd8af",
    "data": [
      {
        "text": "elective subject for be",
        "userDefined": false
      }
    ],
    "isTemplate": false,
    "count": 0,
    "lang": "en",
    "updated": 0
  },
  {
    "id": "c3726cbd-9194-4398-8528-187b72a7a97b",
    "data": [
      {
        "text": "electib\u003dve sunject for be",
        "userDefined": false
      }
    ],
    "isTemplate": false,
    "count": 0,
    "lang": "en",
    "updated": 0
  },
  {
    "id": "3e9b082f-fe25-4ee1-834d-b65a33d390d4",
    "data": [
      {
        "text": "be etctibe subject",
        "userDefined": false
      }
    ],
    "isTemplate": false,
    "count": 0,
    "lang": "en",
    "updated": 0
  },
  {
    "id": "dab05587-a8b9-4a4f-b03d-185641808fe5",
    "data": [
      {
        "text": "ELECTIBVE SUBJECT FOR TE",
        "userDefined": false
      }
    ],
    "isTemplate": false,
    "count": 0,
    "lang": "en",
    "updated": 0
  }
]