[
  {
    "id": "df4bf8b8-751f-4e50-9e56-f420680d7000",
    "data": [
      {
        "text": "latest eveents",
        "userDefined": false
      }
    ],
    "isTemplate": false,
    "count": 0,
    "lang": "en",
    "updated": 0
  },
  {
    "id": "0f2e3f7a-0a9b-4427-bb59-eaf5f62d19b2",
    "data": [
      {
        "text": "cse Events",
        "userDefined": false
      }
    ],
    "isTemplate": false,
    "count": 0,
    "lang": "en",
    "updated": 0
  },
  {
    "id": "38998cc2-7e92-4a02-8250-847a52e7c072",
    "data": [
      {
        "text": "Events",
        "userDefined": false
      }
    ],
    "isTemplate": false,
    "count": 0,
    "lang": "en",
    "updated": 0
  },
  {
    "id": "9c34947d-817d-417d-a15a-e33ad1e632ce",
    "data": [
      {
        "text": "latest Eventsof cse",
        "userDefined": false
      }
    ],
    "isTemplate": false,
    "count": 0,
    "lang": "en",
    "updated": 0
  }
]