[
  {
    "id": "477e8e8e-2da9-4eb0-beb4-21af68df0ccd",
    "data": [
      {
        "text": "fe syllabus",
        "userDefined": false
      }
    ],
    "isTemplate": false,
    "count": 0,
    "lang": "en",
    "updated": 0
  },
  {
    "id": "1d2f6ed1-d403-47f0-be42-e58ff2f4eb96",
    "data": [
      {
        "text": "download the ",
        "userDefined": false
      },
      {
        "text": "f.e syllabus",
        "meta": "@Syllabus",
        "alias": "syllabus",
        "userDefined": false
      }
    ],
    "isTemplate": false,
    "count": 0,
    "lang": "en",
    "updated": 0
  },
  {
    "id": "0ea91be7-3a47-4227-b3a1-0969937c232e",
    "data": [
      {
        "text": "give me the ",
        "userDefined": false
      },
      {
        "text": "syllabus of first year",
        "meta": "@Syllabus",
        "alias": "syllabus",
        "userDefined": false
      }
    ],
    "isTemplate": false,
    "count": 0,
    "lang": "en",
    "updated": 0
  },
  {
    "id": "afee7d82-b708-418f-b2bc-f05209502279",
    "data": [
      {
        "text": "F.E syllabus",
        "meta": "@Syllabus",
        "alias": "syllabus",
        "userDefined": false
      }
    ],
    "isTemplate": false,
    "count": 0,
    "lang": "en",
    "updated": 0
  },
  {
    "id": "1c87ce6a-b2d8-41fb-9d65-494b670963c8",
    "data": [
      {
        "text": "What is the syllabus for ",
        "userDefined": false
      },
      {
        "text": "F.E",
        "meta": "@Syllabus",
        "alias": "syllabus",
        "userDefined": false
      }
    ],
    "isTemplate": false,
    "count": 0,
    "lang": "en",
    "updated": 0
  }
]