[
  {
    "id": "accaae00-bbc8-4368-a05d-f50b8cb6bb04",
    "data": [
      {
        "text": "previous ",
        "userDefined": false
      },
      {
        "text": "yera",
        "meta": "@Syllabus",
        "alias": "syllabus",
        "userDefined": false
      },
      {
        "text": " paper of ",
        "userDefined": false
      },
      {
        "text": "cs paper",
        "meta": "@universitypaper",
        "alias": "universitypaper",
        "userDefined": false
      }
    ],
    "isTemplate": false,
    "count": 0,
    "lang": "en",
    "updated": 0
  },
  {
    "id": "70efa6c5-6287-422e-afd4-2de6d2000713",
    "data": [
      {
        "text": "be cs paper",
        "meta": "@universitypaper",
        "alias": "universitypaper",
        "userDefined": false
      }
    ],
    "isTemplate": false,
    "count": 0,
    "lang": "en",
    "updated": 0
  }
]