[
  {
    "id": "90e91517-d0d4-487e-9a99-e895060eea0a",
    "data": [
      {
        "text": "previous ",
        "userDefined": false
      },
      {
        "text": "yera",
        "meta": "@Syllabus",
        "alias": "syllabus",
        "userDefined": false
      },
      {
        "text": " paper of etc",
        "userDefined": false
      }
    ],
    "isTemplate": false,
    "count": 0,
    "lang": "en",
    "updated": 0
  },
  {
    "id": "4656188f-abf3-4190-8833-9fdc3e2b075b",
    "data": [
      {
        "text": "be etc paper",
        "meta": "@universitypaper",
        "alias": "universitypaper",
        "userDefined": false
      }
    ],
    "isTemplate": false,
    "count": 0,
    "lang": "en",
    "updated": 0
  }
]