[
  {
    "id": "56f401eb-1f7e-480c-a207-2719cad98a1d",
    "data": [
      {
        "text": "x",
        "userDefined": false
      }
    ],
    "isTemplate": false,
    "count": 0,
    "lang": "en",
    "updated": 0
  },
  {
    "id": "5753ff62-857a-4ac6-9074-da355039e7c9",
    "data": [
      {
        "text": "previous ",
        "userDefined": false
      },
      {
        "text": "yera",
        "meta": "@universitypaper",
        "alias": "universitypaper",
        "userDefined": false
      },
      {
        "text": " paer of it",
        "userDefined": false
      }
    ],
    "isTemplate": false,
    "count": 0,
    "lang": "en",
    "updated": 0
  },
  {
    "id": "b972df49-e375-47ba-9c00-065c97b216c2",
    "data": [
      {
        "text": "be it paper",
        "meta": "@universitypaper",
        "alias": "universitypaper",
        "userDefined": false
      }
    ],
    "isTemplate": false,
    "count": 0,
    "lang": "en",
    "updated": 0
  }
]