[
  {
    "id": "b2b57f52-5e5f-4c47-a4d0-79c959f80970",
    "data": [
      {
        "text": "previous year",
        "meta": "@sys.date-period",
        "alias": "date-period",
        "userDefined": false
      },
      {
        "text": " paer of be extc",
        "userDefined": false
      }
    ],
    "isTemplate": false,
    "count": 0,
    "lang": "en",
    "updated": 0
  },
  {
    "id": "30f23a71-ab82-4210-beac-35f6055ef283",
    "data": [
      {
        "text": "be extc paper",
        "meta": "@universitypaper",
        "alias": "universitypaper",
        "userDefined": false
      }
    ],
    "isTemplate": false,
    "count": 0,
    "lang": "en",
    "updated": 0
  }
]