[
  {
    "id": "01c378ce-ccae-4cb5-adfb-bc0511c0871a",
    "data": [
      {
        "text": "ia kt time table",
        "userDefined": false
      }
    ],
    "isTemplate": false,
    "count": 0,
    "lang": "en",
    "updated": 0
  },
  {
    "id": "430f6ce1-7da1-4d89-ade6-bcfbb046705a",
    "data": [
      {
        "text": "IA KT tIUME TABLE",
        "userDefined": false
      }
    ],
    "isTemplate": false,
    "count": 0,
    "lang": "en",
    "updated": 0
  },
  {
    "id": "0f6dd25c-eb33-4b03-a3b6-930ea05d584c",
    "data": [
      {
        "text": "time table of ",
        "userDefined": false
      },
      {
        "text": "kt",
        "meta": "@sys.person",
        "alias": "person",
        "userDefined": false
      }
    ],
    "isTemplate": false,
    "count": 0,
    "lang": "en",
    "updated": 0
  },
  {
    "id": "591b20d7-36f4-44e1-944b-93bb543a9574",
    "data": [
      {
        "text": "KT",
        "meta": "@sys.person",
        "alias": "person",
        "userDefined": false
      },
      {
        "text": " examination time table",
        "userDefined": false
      }
    ],
    "isTemplate": false,
    "count": 0,
    "lang": "en",
    "updated": 0
  },
  {
    "id": "4d8aa065-83fb-43b1-8863-f85d4d38dfef",
    "data": [
      {
        "text": "IA-KT Examination Timetable for ",
        "userDefined": false
      },
      {
        "text": "S.E, T.E",
        "meta": "@Syllabus",
        "alias": "syllabus",
        "userDefined": false
      },
      {
        "text": ", B.E,May",
        "userDefined": false
      },
      {
        "text": "2021",
        "meta": "@sys.number",
        "alias": "number",
        "userDefined": false
      }
    ],
    "isTemplate": false,
    "count": 0,
    "lang": "en",
    "updated": 0
  }
]