[
  {
    "id": "aeaf0087-c0b0-4e44-ad24-1de6a82b8415",
    "data": [
      {
        "text": "intake taken",
        "meta": "@intake",
        "alias": "intake",
        "userDefined": false
      }
    ],
    "isTemplate": false,
    "count": 0,
    "lang": "en",
    "updated": 0
  },
  {
    "id": "2e491b42-6c0d-4588-bcbf-67b075253231",
    "data": [
      {
        "text": "how many ",
        "userDefined": false
      },
      {
        "text": "students",
        "meta": "@intake",
        "alias": "intake",
        "userDefined": false
      },
      {
        "text": " got admission in each deaprtment?",
        "userDefined": false
      }
    ],
    "isTemplate": false,
    "count": 0,
    "lang": "en",
    "updated": 0
  },
  {
    "id": "f7aecdfd-5384-4624-8a83-2858e5cdc19a",
    "data": [
      {
        "text": "intake in cs",
        "meta": "@intake",
        "alias": "intake",
        "userDefined": false
      },
      {
        "text": " department",
        "userDefined": false
      }
    ],
    "isTemplate": false,
    "count": 0,
    "lang": "en",
    "updated": 0
  }
]