[
  {
    "id": "c0a02496-1b89-4ea3-9e53-476277436de6",
    "data": [
      {
        "text": "library boook in sakec",
        "userDefined": false
      }
    ],
    "isTemplate": false,
    "count": 0,
    "lang": "en",
    "updated": 0
  },
  {
    "id": "61bd7d91-779e-42ec-906f-741f30ee16db",
    "data": [
      {
        "text": "sakec books",
        "userDefined": false
      }
    ],
    "isTemplate": false,
    "count": 0,
    "lang": "en",
    "updated": 0
  },
  {
    "id": "593c58fb-a2c8-41fb-89c1-57f57f5aa020",
    "data": [
      {
        "text": "list of book in sakec",
        "userDefined": false
      }
    ],
    "isTemplate": false,
    "count": 0,
    "lang": "en",
    "updated": 0
  }
]