[
  {
    "id": "82719a6e-9483-4a65-b4c2-13c5a88e795d",
    "data": [
      {
        "text": "final year project for etc",
        "userDefined": false
      }
    ],
    "isTemplate": false,
    "count": 0,
    "lang": "en",
    "updated": 0
  },
  {
    "id": "5cbfa166-8953-4cf7-b56a-d1805c479014",
    "data": [
      {
        "text": "etc final year ",
        "userDefined": false
      },
      {
        "text": "student",
        "meta": "@intake",
        "alias": "intake",
        "userDefined": false
      },
      {
        "text": " project",
        "userDefined": false
      }
    ],
    "isTemplate": false,
    "count": 0,
    "lang": "en",
    "updated": 0
  },
  {
    "id": "ec8f5bdb-90be-4e3a-9380-01119dfe8811",
    "data": [
      {
        "text": "project of final year ",
        "userDefined": false
      },
      {
        "text": "students",
        "meta": "@intake",
        "alias": "intake",
        "userDefined": false
      }
    ],
    "isTemplate": false,
    "count": 0,
    "lang": "en",
    "updated": 0
  }
]