[
  {
    "id": "02fd04f9-721f-4670-9038-dc754609a7f7",
    "data": [
      {
        "text": "etc latest Notice",
        "userDefined": false
      }
    ],
    "isTemplate": false,
    "count": 0,
    "lang": "en",
    "updated": 0
  },
  {
    "id": "81286bbf-979a-4e31-9365-bd6f21d5c8b8",
    "data": [
      {
        "text": "latest Notice for electrincs engineering studen",
        "userDefined": false
      }
    ],
    "isTemplate": false,
    "count": 0,
    "lang": "en",
    "updated": 0
  },
  {
    "id": "1418a32b-cbd8-4a12-b9c8-df2ea4765cb1",
    "data": [
      {
        "text": "latest Notice fir etc",
        "userDefined": false
      }
    ],
    "isTemplate": false,
    "count": 0,
    "lang": "en",
    "updated": 0
  }
]