[
  {
    "id": "e0d85beb-f8d6-4418-88d3-d9757a0e789b",
    "data": [
      {
        "text": "et ",
        "userDefined": false
      },
      {
        "text": "paper",
        "meta": "@universitypaper",
        "alias": "universitypaper",
        "userDefined": false
      }
    ],
    "isTemplate": false,
    "count": 0,
    "lang": "en",
    "updated": 0
  },
  {
    "id": "9101ac69-1bcc-4742-a25a-dd38d0141dc7",
    "data": [
      {
        "text": "electronics engineering question ",
        "userDefined": false
      },
      {
        "text": "paper",
        "meta": "@universitypaper",
        "alias": "universitypaper",
        "userDefined": false
      }
    ],
    "isTemplate": false,
    "count": 0,
    "lang": "en",
    "updated": 0
  },
  {
    "id": "9a512e2f-7037-4da5-a49d-48ae1a3d24e5",
    "data": [
      {
        "text": "Etc question ",
        "userDefined": false
      },
      {
        "text": "paper",
        "meta": "@universitypaper",
        "alias": "universitypaper",
        "userDefined": false
      }
    ],
    "isTemplate": false,
    "count": 0,
    "lang": "en",
    "updated": 0
  }
]