[
  {
    "id": "3f73b757-5109-4644-a613-2ce21a6856ff",
    "data": [
      {
        "text": "se oral time table",
        "userDefined": false
      }
    ],
    "isTemplate": false,
    "count": 0,
    "lang": "en",
    "updated": 0
  },
  {
    "id": "2fb3bb05-cd25-4ee2-a698-3eaa17de2c1e",
    "data": [
      {
        "text": "time table of practical and oral",
        "userDefined": false
      }
    ],
    "isTemplate": false,
    "count": 0,
    "lang": "en",
    "updated": 0
  },
  {
    "id": "5e544db4-b2a4-4529-8090-b44f63796824",
    "data": [
      {
        "text": "time table",
        "userDefined": false
      }
    ],
    "isTemplate": false,
    "count": 0,
    "lang": "en",
    "updated": 0
  },
  {
    "id": "a95241fa-c1ec-48c1-aed7-e5a691cd4d92",
    "data": [
      {
        "text": "be oral timetable\u0027",
        "userDefined": false
      }
    ],
    "isTemplate": false,
    "count": 0,
    "lang": "en",
    "updated": 0
  },
  {
    "id": "912d2dcc-71c8-425c-97ae-86f650bfe5fa",
    "data": [
      {
        "text": "oral time table",
        "userDefined": false
      }
    ],
    "isTemplate": false,
    "count": 0,
    "lang": "en",
    "updated": 0
  },
  {
    "id": "42f4d099-31ea-411c-8dfe-64713f8d3897",
    "data": [
      {
        "text": "te practical time table",
        "userDefined": false
      }
    ],
    "isTemplate": false,
    "count": 0,
    "lang": "en",
    "updated": 0
  },
  {
    "id": "a948324b-ffa6-47ed-b13a-d2998927bf55",
    "data": [
      {
        "text": "practical time table of se",
        "userDefined": false
      }
    ],
    "isTemplate": false,
    "count": 0,
    "lang": "en",
    "updated": 0
  }
]