[
  {
    "id": "f60021d8-df5b-421a-af03-d7d2efdecf4f",
    "data": [
      {
        "text": "cybar",
        "userDefined": false
      }
    ],
    "isTemplate": false,
    "count": 0,
    "lang": "en",
    "updated": 0
  },
  {
    "id": "06925d75-8ec9-468a-8db0-a2293eb3a9b8",
    "data": [
      {
        "text": "ciber",
        "userDefined": false
      }
    ],
    "isTemplate": false,
    "count": 1,
    "lang": "en",
    "updated": 0
  },
  {
    "id": "ba94849a-ef4d-45ca-9b43-dc2459d62b7b",
    "data": [
      {
        "text": "cyber",
        "userDefined": false
      }
    ],
    "isTemplate": false,
    "count": 0,
    "lang": "en",
    "updated": 0
  },
  {
    "id": "96ad41e6-176f-47dc-8100-38353cad441f",
    "data": [
      {
        "text": "secure sakec",
        "userDefined": false
      }
    ],
    "isTemplate": false,
    "count": 0,
    "lang": "en",
    "updated": 0
  },
  {
    "id": "ef4da6d1-2429-4414-a399-ceeb856fc647",
    "data": [
      {
        "text": "security",
        "userDefined": false
      }
    ],
    "isTemplate": false,
    "count": 0,
    "lang": "en",
    "updated": 0
  },
  {
    "id": "d3e91d79-9d99-4e41-b3d2-ce85247a6a2b",
    "data": [
      {
        "text": "secure ",
        "userDefined": false
      },
      {
        "text": "india",
        "meta": "@sys.geo-country",
        "alias": "geo-country",
        "userDefined": false
      }
    ],
    "isTemplate": false,
    "count": 0,
    "lang": "en",
    "updated": 0
  },
  {
    "id": "7dc8da37-729a-4f8b-9910-5cf66fe8d0ce",
    "data": [
      {
        "text": "courses on security",
        "userDefined": false
      }
    ],
    "isTemplate": false,
    "count": 0,
    "lang": "en",
    "updated": 0
  },
  {
    "id": "bfd649db-dbdc-476c-ad11-0cdd0ed67040",
    "data": [
      {
        "text": "cybersecurity cources",
        "userDefined": false
      }
    ],
    "isTemplate": false,
    "count": 0,
    "lang": "en",
    "updated": 0
  },
  {
    "id": "2c16a589-b429-422e-973b-758d8d049254",
    "data": [
      {
        "text": "security cources",
        "userDefined": false
      }
    ],
    "isTemplate": false,
    "count": 0,
    "lang": "en",
    "updated": 0
  },
  {
    "id": "fab8b6b0-1386-4903-8016-e03917c321eb",
    "data": [
      {
        "text": "secure",
        "userDefined": false
      }
    ],
    "isTemplate": false,
    "count": 1,
    "lang": "en",
    "updated": 0
  },
  {
    "id": "0b526b85-4b81-43c0-a1ba-730e91e542de",
    "data": [
      {
        "text": "cybersecurity",
        "userDefined": false
      }
    ],
    "isTemplate": false,
    "count": 1,
    "lang": "en",
    "updated": 0
  },
  {
    "id": "f6722eae-c62b-4351-9dae-a0822bb77cea",
    "data": [
      {
        "text": "EXTC",
        "userDefined": false
      }
    ],
    "isTemplate": false,
    "count": 1,
    "lang": "en",
    "updated": 0
  },
  {
    "id": "7fe2d596-8ad9-4380-804a-b3832cef1d01",
    "data": [
      {
        "text": "Computer engineering",
        "userDefined": false
      }
    ],
    "isTemplate": false,
    "count": 0,
    "lang": "en",
    "updated": 0
  },
  {
    "id": "1b78ce20-41e7-42c4-b763-fa1b7af8902e",
    "data": [
      {
        "text": "Computer",
        "userDefined": false
      }
    ],
    "isTemplate": false,
    "count": 0,
    "lang": "en",
    "updated": 0
  },
  {
    "id": "12a2af0d-81b9-421b-b345-22fd97d0b13f",
    "data": [
      {
        "text": "CSE",
        "userDefined": false
      }
    ],
    "isTemplate": false,
    "count": 1,
    "lang": "en",
    "updated": 0
  },
  {
    "id": "e81355bc-6486-4f85-8e19-027e83e0a797",
    "data": [
      {
        "text": "Recommend Telecommunication courses",
        "userDefined": false
      }
    ],
    "isTemplate": false,
    "count": 0,
    "lang": "en",
    "updated": 0
  },
  {
    "id": "d35fd523-f746-4961-9a4f-a0f01c72f2a7",
    "data": [
      {
        "text": "Recommend Electronics courses",
        "userDefined": false
      }
    ],
    "isTemplate": false,
    "count": 0,
    "lang": "en",
    "updated": 0
  },
  {
    "id": "9551b75f-db13-410a-862f-5c023e28ab7e",
    "data": [
      {
        "text": "recommend me courses",
        "userDefined": false
      }
    ],
    "isTemplate": false,
    "count": 1,
    "lang": "en",
    "updated": 0
  },
  {
    "id": "7ae7fe8a-2192-4458-bae1-9da8054b5c8b",
    "data": [
      {
        "text": "recommendations",
        "userDefined": false
      }
    ],
    "isTemplate": false,
    "count": 1,
    "lang": "en",
    "updated": 0
  },
  {
    "id": "9f0d72a6-b2df-471e-b8bf-a37200d04119",
    "data": [
      {
        "text": "recommend the best courses for me",
        "userDefined": false
      }
    ],
    "isTemplate": false,
    "count": 0,
    "lang": "en",
    "updated": 0
  },
  {
    "id": "d41693bf-63c9-4615-a816-835793f2ba44",
    "data": [
      {
        "text": "Give me recommendation",
        "userDefined": false
      }
    ],
    "isTemplate": false,
    "count": 0,
    "lang": "en",
    "updated": 0
  },
  {
    "id": "c2ff00f2-4ea1-45ab-890c-2ac2f9b6bf6a",
    "data": [
      {
        "text": "Do you recommend anything?",
        "userDefined": false
      }
    ],
    "isTemplate": false,
    "count": 0,
    "lang": "en",
    "updated": 0
  }
]