[
  {
    "id": "44736246-b0f6-4afe-8821-d6e9c62a2a1a",
    "data": [
      {
        "text": "reasult of electrincs engineering",
        "userDefined": false
      }
    ],
    "isTemplate": false,
    "count": 0,
    "lang": "en",
    "updated": 0
  },
  {
    "id": "6d910879-108a-4707-b65d-bd29effffdd1",
    "data": [
      {
        "text": "elctronics engineering reasult",
        "userDefined": false
      }
    ],
    "isTemplate": false,
    "count": 0,
    "lang": "en",
    "updated": 0
  },
  {
    "id": "9b5563ae-f150-420f-b6e5-b8218c7f0e5b",
    "data": [
      {
        "text": "reasult of etc",
        "userDefined": false
      }
    ],
    "isTemplate": false,
    "count": 0,
    "lang": "en",
    "updated": 0
  },
  {
    "id": "cf60bec4-3920-4678-8168-f930aefb9a7c",
    "data": [
      {
        "text": "Result Analysis of etc",
        "userDefined": false
      }
    ],
    "isTemplate": false,
    "count": 0,
    "lang": "en",
    "updated": 0
  }
]