[
  {
    "id": "a27bd449-0f6e-46e7-bb68-63cd49a62a92",
    "data": [
      {
        "text": "se cs syllabus",
        "userDefined": false
      }
    ],
    "isTemplate": false,
    "count": 0,
    "lang": "en",
    "updated": 0
  },
  {
    "id": "edebef5e-8bbf-4524-b960-d08cbe9ed3dc",
    "data": [
      {
        "text": "download the s,",
        "userDefined": false
      },
      {
        "text": "e cs syallabus",
        "meta": "@Syllabus",
        "alias": "syllabus",
        "userDefined": false
      }
    ],
    "isTemplate": false,
    "count": 0,
    "lang": "en",
    "updated": 0
  },
  {
    "id": "56bb5dfa-1531-4bb5-9ba3-72ddf3767066",
    "data": [
      {
        "text": "s.e cs syllabus",
        "meta": "@Syllabus",
        "alias": "syllabus",
        "userDefined": false
      }
    ],
    "isTemplate": false,
    "count": 0,
    "lang": "en",
    "updated": 0
  }
]