[
  {
    "id": "8e1a2461-cc56-4691-89d1-53cec6905f1f",
    "data": [
      {
        "text": "sem ",
        "userDefined": false
      },
      {
        "text": "3",
        "meta": "@sys.number",
        "alias": "number",
        "userDefined": false
      },
      {
        "text": " des sample ",
        "userDefined": false
      },
      {
        "text": "paper",
        "meta": "@universitypaper",
        "alias": "universitypaper",
        "userDefined": false
      }
    ],
    "isTemplate": false,
    "count": 0,
    "lang": "en",
    "updated": 0
  },
  {
    "id": "3d37914f-dada-46ad-b12d-274f331552e0",
    "data": [
      {
        "text": "sample ",
        "userDefined": false
      },
      {
        "text": "paper",
        "meta": "@universitypaper",
        "alias": "universitypaper",
        "userDefined": false
      },
      {
        "text": " for des sem ",
        "userDefined": false
      },
      {
        "text": "3",
        "meta": "@sys.number",
        "alias": "number",
        "userDefined": false
      }
    ],
    "isTemplate": false,
    "count": 0,
    "lang": "en",
    "updated": 0
  },
  {
    "id": "f3a4f5e3-f1b8-4724-af11-1fceff5b0de1",
    "data": [
      {
        "text": "Sample ",
        "userDefined": false
      },
      {
        "text": "Papers",
        "meta": "@universitypaper",
        "alias": "universitypaper",
        "userDefined": false
      },
      {
        "text": " for DSE SEM III April ",
        "userDefined": false
      },
      {
        "text": "2021",
        "meta": "@sys.number",
        "alias": "number",
        "userDefined": false
      },
      {
        "text": " Examination",
        "userDefined": false
      }
    ],
    "isTemplate": false,
    "count": 0,
    "lang": "en",
    "updated": 0
  }
]