[
  {
    "id": "9008a8d6-cfda-4560-9da8-e2d751d2fbc1",
    "data": [
      {
        "text": "samplepaper of me",
        "userDefined": false
      }
    ],
    "isTemplate": false,
    "count": 0,
    "lang": "en",
    "updated": 0
  },
  {
    "id": "41b122b6-0b67-40cd-8227-1aaec0688db6",
    "data": [
      {
        "text": "Me ",
        "userDefined": false
      },
      {
        "text": "sample",
        "meta": "@sys.music-genre",
        "alias": "music-genre",
        "userDefined": false
      },
      {
        "text": " paper ",
        "userDefined": false
      },
      {
        "text": "april 2021",
        "meta": "@sys.date-period",
        "alias": "date-period",
        "userDefined": false
      }
    ],
    "isTemplate": false,
    "count": 0,
    "lang": "en",
    "updated": 0
  },
  {
    "id": "8ecd1fe2-84b6-4040-9c09-41c7872847b7",
    "data": [
      {
        "text": "Sample ",
        "userDefined": false
      },
      {
        "text": "papers",
        "meta": "@universitypaper",
        "alias": "universitypaper",
        "userDefined": false
      },
      {
        "text": " of ME ",
        "userDefined": false
      },
      {
        "text": "April 2021",
        "meta": "@sys.date-time",
        "alias": "date-time",
        "userDefined": false
      }
    ],
    "isTemplate": false,
    "count": 0,
    "lang": "en",
    "updated": 0
  }
]