[
  {
    "id": "b5f65f83-0be7-4919-9a4d-069e0245a8b8",
    "data": [
      {
        "text": "se ",
        "userDefined": false
      },
      {
        "text": "extc syllabus",
        "meta": "@Syllabus",
        "alias": "syllabus",
        "userDefined": false
      }
    ],
    "isTemplate": false,
    "count": 0,
    "lang": "en",
    "updated": 0
  },
  {
    "id": "b612ecac-b1bb-461b-8fb2-6402d5e45721",
    "data": [
      {
        "text": "etxc s.e syllabus",
        "meta": "@Syllabus",
        "alias": "syllabus",
        "userDefined": false
      }
    ],
    "isTemplate": false,
    "count": 0,
    "lang": "en",
    "updated": 0
  },
  {
    "id": "aa7ebe62-df94-4ed6-adda-bcd6b3296da1",
    "data": [
      {
        "text": "what is the ",
        "userDefined": false
      },
      {
        "text": "syllabus of extc",
        "meta": "@Syllabus",
        "alias": "syllabus",
        "userDefined": false
      },
      {
        "text": "?",
        "userDefined": false
      }
    ],
    "isTemplate": false,
    "count": 0,
    "lang": "en",
    "updated": 0
  }
]