[
  {
    "id": "b5cf64df-9bdf-470a-a704-08900a08fd26",
    "data": [
      {
        "text": "se etc syllabus",
        "meta": "@Syllabus",
        "alias": "syllabus",
        "userDefined": false
      }
    ],
    "isTemplate": false,
    "count": 0,
    "lang": "en",
    "updated": 0
  },
  {
    "id": "40cce3e3-cbe7-4832-8d7c-573443c4a303",
    "data": [
      {
        "text": "etc syllabus",
        "userDefined": false
      }
    ],
    "isTemplate": false,
    "count": 0,
    "lang": "en",
    "updated": 0
  },
  {
    "id": "70f8dc50-1fdb-4076-bc55-c8c4703dfa0f",
    "data": [
      {
        "text": "s.e etc syllabus",
        "userDefined": false
      }
    ],
    "isTemplate": false,
    "count": 0,
    "lang": "en",
    "updated": 0
  },
  {
    "id": "8fd83002-761f-4fc9-90a9-be259d8a4789",
    "data": [
      {
        "text": "what is the ",
        "userDefined": false
      },
      {
        "text": "syllabus of electronics engineering",
        "meta": "@Syllabus",
        "alias": "syllabus",
        "userDefined": false
      },
      {
        "text": "?",
        "userDefined": false
      }
    ],
    "isTemplate": false,
    "count": 0,
    "lang": "en",
    "updated": 0
  }
]