[
  {
    "id": "d9dda28f-502c-4e97-95cf-99142abaabc4",
    "data": [
      {
        "text": "s.e it syllabus",
        "meta": "@Syllabus",
        "alias": "syllabus",
        "userDefined": false
      }
    ],
    "isTemplate": false,
    "count": 0,
    "lang": "en",
    "updated": 0
  },
  {
    "id": "9cec9ed8-dd24-43c7-8afb-b4faed1a15bd",
    "data": [
      {
        "text": "it syllabus",
        "userDefined": false
      }
    ],
    "isTemplate": false,
    "count": 0,
    "lang": "en",
    "updated": 0
  },
  {
    "id": "db8d4408-eb9f-4d61-a938-f0fbb50b846b",
    "data": [
      {
        "text": "what is the ",
        "userDefined": false
      },
      {
        "text": "syllabus of it",
        "meta": "@Syllabus",
        "alias": "syllabus",
        "userDefined": false
      },
      {
        "text": "?",
        "userDefined": false
      }
    ],
    "isTemplate": false,
    "count": 0,
    "lang": "en",
    "updated": 0
  }
]