[
  {
    "id": "23ad2dc5-a484-42bd-94d8-bfaf1893fdd3",
    "data": [
      {
        "text": "previous year paper of",
        "meta": "@universitypaper",
        "alias": "universitypaper",
        "userDefined": false
      },
      {
        "text": " ",
        "userDefined": false
      },
      {
        "text": "extc se",
        "meta": "@universitypaper",
        "alias": "universitypaper",
        "userDefined": false
      }
    ],
    "isTemplate": false,
    "count": 0,
    "lang": "en",
    "updated": 0
  },
  {
    "id": "54e6394f-af58-474c-9a52-e34dd4ef6f67",
    "data": [
      {
        "text": "extc se paper",
        "meta": "@universitypaper",
        "alias": "universitypaper",
        "userDefined": false
      }
    ],
    "isTemplate": false,
    "count": 0,
    "lang": "en",
    "updated": 0
  },
  {
    "id": "484c5d97-0c57-44b3-8436-b7a9b4e593ce",
    "data": [
      {
        "text": "se extc paper",
        "meta": "@universitypaper",
        "alias": "universitypaper",
        "userDefined": false
      }
    ],
    "isTemplate": false,
    "count": 0,
    "lang": "en",
    "updated": 0
  }
]