[
  {
    "id": "aa3a02de-212b-42f9-b714-e960f19381c8",
    "data": [
      {
        "text": "download the ",
        "userDefined": false
      },
      {
        "text": "cs se [paper",
        "meta": "@universitypaper",
        "alias": "universitypaper",
        "userDefined": false
      }
    ],
    "isTemplate": false,
    "count": 0,
    "lang": "en",
    "updated": 0
  },
  {
    "id": "0d3a1583-bf40-4592-aeb1-1bdc36784c3b",
    "data": [
      {
        "text": "cs se paper",
        "meta": "@universitypaper",
        "alias": "universitypaper",
        "userDefined": false
      }
    ],
    "isTemplate": false,
    "count": 0,
    "lang": "en",
    "updated": 0
  },
  {
    "id": "846da7a7-1a65-4ae0-a3b5-d9fa37f85fe7",
    "data": [
      {
        "text": "se cs paper",
        "meta": "@universitypaper",
        "alias": "universitypaper",
        "userDefined": false
      }
    ],
    "isTemplate": false,
    "count": 0,
    "lang": "en",
    "updated": 0
  }
]