[
  {
    "id": "e0da3112-08ed-4673-99bc-5d73eebb8f79",
    "data": [
      {
        "text": "time tavble of sem ",
        "userDefined": false
      },
      {
        "text": "3",
        "meta": "@sys.number",
        "alias": "number",
        "userDefined": false
      },
      {
        "text": " des practical",
        "userDefined": false
      }
    ],
    "isTemplate": false,
    "count": 0,
    "lang": "en",
    "updated": 0
  },
  {
    "id": "c7031c4f-82f5-49cf-bb95-0ba952d4195c",
    "data": [
      {
        "text": "dse sem ",
        "userDefined": false
      },
      {
        "text": "3",
        "meta": "@sys.number",
        "alias": "number",
        "userDefined": false
      },
      {
        "text": " oral tiem table",
        "userDefined": false
      }
    ],
    "isTemplate": false,
    "count": 0,
    "lang": "en",
    "updated": 0
  },
  {
    "id": "dd4fb7bf-8860-461c-b2e8-3b924b39dec6",
    "data": [
      {
        "text": "sem ",
        "userDefined": false
      },
      {
        "text": "3",
        "meta": "@sys.number",
        "alias": "number",
        "userDefined": false
      },
      {
        "text": " dse practical time table",
        "userDefined": false
      }
    ],
    "isTemplate": false,
    "count": 0,
    "lang": "en",
    "updated": 0
  },
  {
    "id": "41b81f3f-46e3-43db-8da4-5ce1310d1c81",
    "data": [
      {
        "text": "Sem-III DSE Practical / Oral Examination Time table April ",
        "userDefined": false
      },
      {
        "text": "2021",
        "meta": "@sys.number",
        "alias": "number",
        "userDefined": false
      }
    ],
    "isTemplate": false,
    "count": 0,
    "lang": "en",
    "updated": 0
  }
]