[
  {
    "id": "ea55daf0-8318-4cd3-ae59-3fa3f9bd9e43",
    "data": [
      {
        "text": "ia 2 des sem ",
        "userDefined": false
      },
      {
        "text": "3",
        "meta": "@sys.number",
        "alias": "number",
        "userDefined": false
      },
      {
        "text": " time tanle",
        "userDefined": false
      }
    ],
    "isTemplate": false,
    "count": 0,
    "lang": "en",
    "updated": 0
  },
  {
    "id": "5d1081e0-c09f-4d1e-b819-0e0a0e6ec344",
    "data": [
      {
        "text": "ia ",
        "userDefined": false
      },
      {
        "text": "2",
        "meta": "@sys.number",
        "alias": "number",
        "userDefined": false
      },
      {
        "text": " examination time table for sem ",
        "userDefined": false
      },
      {
        "text": "3",
        "meta": "@sys.number",
        "alias": "number",
        "userDefined": false
      }
    ],
    "isTemplate": false,
    "count": 0,
    "lang": "en",
    "updated": 0
  },
  {
    "id": "42e72814-7034-4947-a673-5882649d1ee9",
    "data": [
      {
        "text": "IA",
        "userDefined": false
      },
      {
        "text": "-2",
        "meta": "@sys.number",
        "alias": "number",
        "userDefined": false
      },
      {
        "text": " Examination Time Table for Sem-III DSE and ME ",
        "userDefined": false
      },
      {
        "text": "April 2021",
        "meta": "@sys.date-period",
        "alias": "date-period",
        "userDefined": false
      }
    ],
    "isTemplate": false,
    "count": 0,
    "lang": "en",
    "updated": 0
  }
]