[
  {
    "id": "8056c68f-9337-45e3-8b8a-bb883a4d04b9",
    "data": [
      {
        "text": "electrincs engineering syllabus",
        "userDefined": false
      }
    ],
    "isTemplate": false,
    "count": 0,
    "lang": "en",
    "updated": 0
  },
  {
    "id": "3b084052-c657-4389-97f9-6aeddce23a23",
    "data": [
      {
        "text": "syllabus of electronics engineering",
        "meta": "@Syllabus",
        "alias": "syllabus",
        "userDefined": false
      }
    ],
    "isTemplate": false,
    "count": 0,
    "lang": "en",
    "updated": 0
  },
  {
    "id": "8270da07-d200-4a25-8623-ec88b149d617",
    "data": [
      {
        "text": "etc syllabus",
        "userDefined": false
      }
    ],
    "isTemplate": false,
    "count": 0,
    "lang": "en",
    "updated": 0
  }
]