[
  {
    "id": "2da3320d-85d0-4339-ab72-3d3facd7f02f",
    "data": [
      {
        "text": "te",
        "meta": "@sys.person",
        "alias": "person",
        "userDefined": false
      },
      {
        "text": " etc syllabus",
        "userDefined": false
      }
    ],
    "isTemplate": false,
    "count": 0,
    "lang": "en",
    "updated": 0
  },
  {
    "id": "b53f8f67-d499-45f1-8eec-aace66d10aa4",
    "data": [
      {
        "text": "t.e etc syllabus",
        "userDefined": false
      }
    ],
    "isTemplate": false,
    "count": 0,
    "lang": "en",
    "updated": 0
  }
]