[
  {
    "id": "809bab99-2cdb-4be0-b09f-a4fbfae42f6f",
    "data": [
      {
        "text": "te ",
        "userDefined": false
      },
      {
        "text": "extc syllabus",
        "meta": "@Syllabus",
        "alias": "syllabus",
        "userDefined": false
      }
    ],
    "isTemplate": false,
    "count": 0,
    "lang": "en",
    "updated": 0
  },
  {
    "id": "76655663-6dbd-47da-b1d3-cc5b21ea8027",
    "data": [
      {
        "text": "t.e extc syllabus",
        "meta": "@Syllabus",
        "alias": "syllabus",
        "userDefined": false
      }
    ],
    "isTemplate": false,
    "count": 0,
    "lang": "en",
    "updated": 0
  },
  {
    "id": "96025a92-f3b0-4059-8d78-16338e7bc9c8",
    "data": [
      {
        "text": "what is the ",
        "userDefined": false
      },
      {
        "text": "syllabus of extc",
        "meta": "@Syllabus",
        "alias": "syllabus",
        "userDefined": false
      },
      {
        "text": " ?",
        "userDefined": false
      }
    ],
    "isTemplate": false,
    "count": 0,
    "lang": "en",
    "updated": 0
  }
]