[
  {
    "id": "a61bd634-920d-487d-b607-3114819e8f48",
    "data": [
      {
        "text": "it department Teaching Staff",
        "userDefined": false
      }
    ],
    "isTemplate": false,
    "count": 0,
    "lang": "en",
    "updated": 0
  },
  {
    "id": "13919475-ce3d-4e54-8415-d6fc33e3b52e",
    "data": [
      {
        "text": "it Teaching Staff",
        "userDefined": false
      }
    ],
    "isTemplate": false,
    "count": 0,
    "lang": "en",
    "updated": 0
  },
  {
    "id": "936e3641-07c0-48dd-9f52-f0854e743370",
    "data": [
      {
        "text": "Teaching Staff",
        "userDefined": false
      }
    ],
    "isTemplate": false,
    "count": 0,
    "lang": "en",
    "updated": 0
  }
]