[
  {
    "id": "86f61d2c-a907-42d7-869b-199d40113f05",
    "data": [
      {
        "text": "computer science Teaching Staff",
        "userDefined": false
      }
    ],
    "isTemplate": false,
    "count": 0,
    "lang": "en",
    "updated": 0
  },
  {
    "id": "b0baf7ff-5517-43af-9374-4a4ac1755d77",
    "data": [
      {
        "text": "Teaching Staff of cse",
        "userDefined": false
      }
    ],
    "isTemplate": false,
    "count": 0,
    "lang": "en",
    "updated": 0
  },
  {
    "id": "46438a8b-23b8-4207-825e-88c21d9591be",
    "data": [
      {
        "text": "cse Teaching Staff",
        "userDefined": false
      }
    ],
    "isTemplate": false,
    "count": 0,
    "lang": "en",
    "updated": 0
  }
]