[
  {
    "id": "f072af14-723f-4ffd-88e2-fe6fffc67526",
    "data": [
      {
        "text": "third year etc paper",
        "meta": "@universitypaper",
        "alias": "universitypaper",
        "userDefined": false
      }
    ],
    "isTemplate": false,
    "count": 0,
    "lang": "en",
    "updated": 0
  },
  {
    "id": "ebdd1a95-1cc5-4ee7-9a9d-24c0a62c7980",
    "data": [
      {
        "text": "te etc paper",
        "meta": "@universitypaper",
        "alias": "universitypaper",
        "userDefined": false
      }
    ],
    "isTemplate": false,
    "count": 0,
    "lang": "en",
    "updated": 0
  }
]