[
  {
    "id": "793ab0e3-4b87-45f6-b74c-09791b5f0fa0",
    "data": [
      {
        "text": "TE CS",
        "meta": "@universitypaper",
        "alias": "universitypaper",
        "userDefined": false
      },
      {
        "text": " Syllabus",
        "userDefined": false
      }
    ],
    "isTemplate": false,
    "count": 0,
    "lang": "en",
    "updated": 0
  },
  {
    "id": "f49f578b-756a-48b7-8c6b-7b3b2db40581",
    "data": [
      {
        "text": "third year CS paper",
        "meta": "@universitypaper",
        "alias": "universitypaper",
        "userDefined": false
      }
    ],
    "isTemplate": false,
    "count": 0,
    "lang": "en",
    "updated": 0
  },
  {
    "id": "4bc9b319-8453-4fa8-bc0e-39700e47ff32",
    "data": [
      {
        "text": "computer engineering syllabus ",
        "userDefined": false
      },
      {
        "text": "of third year",
        "meta": "@universitypaper",
        "alias": "universitypaper",
        "userDefined": false
      }
    ],
    "isTemplate": false,
    "count": 0,
    "lang": "en",
    "updated": 0
  },
  {
    "id": "f06f6d23-7eb7-464f-82b9-0bfe0ad35754",
    "data": [
      {
        "text": "third year paper of",
        "meta": "@universitypaper",
        "alias": "universitypaper",
        "userDefined": false
      },
      {
        "text": " computer engineering",
        "userDefined": false
      }
    ],
    "isTemplate": false,
    "count": 0,
    "lang": "en",
    "updated": 0
  },
  {
    "id": "b0994218-0b69-4387-8f84-c2b98188bf96",
    "data": [
      {
        "text": "cs te paper",
        "meta": "@universitypaper",
        "alias": "universitypaper",
        "userDefined": false
      },
      {
        "text": "\u0027",
        "userDefined": false
      }
    ],
    "isTemplate": false,
    "count": 0,
    "lang": "en",
    "updated": 0
  },
  {
    "id": "d3516f70-8862-4f11-beff-a302d43a1cbf",
    "data": [
      {
        "text": "third year paper of",
        "meta": "@universitypaper",
        "alias": "universitypaper",
        "userDefined": false
      },
      {
        "text": " ",
        "userDefined": false
      },
      {
        "text": "cs",
        "meta": "@sys.person",
        "alias": "person",
        "userDefined": false
      }
    ],
    "isTemplate": false,
    "count": 0,
    "lang": "en",
    "updated": 0
  }
]