[
  {
    "id": "d460a1bb-c55d-4241-a7c3-a9b354f5565a",
    "data": [
      {
        "text": "previous year te it paper",
        "meta": "@universitypaper",
        "alias": "universitypaper",
        "userDefined": false
      }
    ],
    "isTemplate": false,
    "count": 0,
    "lang": "en",
    "updated": 0
  },
  {
    "id": "9639beba-0a3d-43f4-ac1b-4a883d494b33",
    "data": [
      {
        "text": "te it paper",
        "meta": "@universitypaper",
        "alias": "universitypaper",
        "userDefined": false
      }
    ],
    "isTemplate": false,
    "count": 0,
    "lang": "en",
    "updated": 0
  }
]