[
  {
    "id": "f42e73f4-1d33-4de1-b63e-64fbc00ab2d3",
    "data": [
      {
        "text": "cse Time Table for ",
        "userDefined": false
      },
      {
        "text": "2021",
        "meta": "@sys.number",
        "alias": "number",
        "userDefined": false
      }
    ],
    "isTemplate": false,
    "count": 0,
    "lang": "en",
    "updated": 0
  },
  {
    "id": "b712e864-b584-452c-923b-f99006ca922c",
    "data": [
      {
        "text": "cse Time Table",
        "userDefined": false
      },
      {
        "text": "2021",
        "meta": "@sys.number",
        "alias": "number",
        "userDefined": false
      }
    ],
    "isTemplate": false,
    "count": 0,
    "lang": "en",
    "updated": 0
  },
  {
    "id": "32923d4d-f08f-4d1a-8f61-aee0f1d555d1",
    "data": [
      {
        "text": "cse Time Table",
        "userDefined": false
      }
    ],
    "isTemplate": false,
    "count": 0,
    "lang": "en",
    "updated": 0
  }
]