[
  {
    "id": "216cd10d-8715-48f3-bd7d-561d637d558b",
    "data": [
      {
        "text": "oncampus drive",
        "userDefined": false
      }
    ],
    "isTemplate": false,
    "count": 0,
    "lang": "en",
    "updated": 0
  },
  {
    "id": "bb02dee5-50c6-46d4-8c2e-75050a8f19e2",
    "data": [
      {
        "text": "oncampus placement drive",
        "userDefined": false
      }
    ],
    "isTemplate": false,
    "count": 0,
    "lang": "en",
    "updated": 0
  },
  {
    "id": "4243afde-dbe5-4524-8763-d166d73d6ffe",
    "data": [
      {
        "text": "any external drives",
        "userDefined": false
      }
    ],
    "isTemplate": false,
    "count": 0,
    "lang": "en",
    "updated": 0
  },
  {
    "id": "2323a4d5-115e-46c3-a912-3bba6b3d6bcd",
    "data": [
      {
        "text": "Show me upcoming drives ",
        "userDefined": false
      },
      {
        "text": "this month",
        "meta": "@sys.date-period",
        "alias": "date-period",
        "userDefined": false
      }
    ],
    "isTemplate": false,
    "count": 0,
    "lang": "en",
    "updated": 0
  },
  {
    "id": "5681961d-b6ba-4725-b90e-241f14a598f6",
    "data": [
      {
        "text": "Show me upcoming drives ",
        "userDefined": false
      },
      {
        "text": "this week",
        "meta": "@sys.date-period",
        "alias": "date-period",
        "userDefined": false
      }
    ],
    "isTemplate": false,
    "count": 0,
    "lang": "en",
    "updated": 0
  }
]